"FullName","TARAbbrev","TMAbbrev","PlayByPlayStyle","URL","ScheduleStyle","TeamWithNickname"
"CentralConnecticut","CCU","","","",NA,NA
"FloridaAtlantic","FAU","","","",NA,NA
"SaintPeter's","SPU","","","",NA,NA
"UCDavis","UCD","","","",NA,NA
"UCSantaBarbara","UCS","","","",NA,NA
"A&M-CorpusChris","&CC","","","",NA,""
"AcademyofArt","AA2","","","",NA,""
"AlabamaA&M","AAM","ALA_ANM","","",NA,NA
"","AAM","ALA_ANM","","",NA,"AlabamaA&&MBulldogs"
"AldersonBroaddus","AB2","","","",NA,""
"AbileneChristian","ABC","","","",NA,""
"Adelphi","AD2","","","",NA,""
"AirForce","AFU","AIR_FOR","","",NA,""
"Ala-Huntsville","AH2","","","",NA,""
"Akron","AKR","AKR_ZIP","","",NA,NA
"Albany","ALB","","","",NA,NA
"Albany(NY)","ALB","","","",NA,""
"","ALB","","","",NA,"Albany"
"AlcornState","ALC","ALC_BRA","","",NA,NA
"Alcorn","ALC","","","",NA,""
"","ALC","","","",NA,"AlcornBraves"
"LittleRock","ALR","","","",NA,""
"AlabamaState","ALS","","","",NA,NA
"AlabamaSt","ALS","","","",NA,""
"","ALS","","","",NA,"AlabamaStHornets"
"Ark-Monticello","AM2","","","",NA,""
"ArmyWestPoint","AMY","","","",NA,""
"AzusaPacific","AP2","","","",NA,""
"Ark-PineBluff","APB","APB_GOL","","",NA,NA
"Arkansas-PineBluff","APB","APB_GOL","","",NA,NA
"AppalachianState","APP","APP_MOU","","",NA,NA
"AppalachianSt","APP","APP_MOU","","",NA,NA
"","APP","APP_MOU","","",NA,"AppalachianStMountaineers"
"AustinPeay","APU","","","",NA,NA
"Arizona","ARI","","","",NA,NA
"","ARI","","","",NA,"ArizonaWildcats"
"Arkansas","ARK","ARK_RAZ","","",NA,NA
"","ARK","ARK_RAZ","","",NA,"ArkansasRazorbacks"
"UTArlington","ARL","","","",NA,""
"ArkansasSt","ARS","ASU_RED","","",NA,""
"","ARS","ASU_RED","","",NA,"ArkansasStRedWolves"
"Assumption","AS2","","","",NA,""
"ArizonaSt.","ASU","","","",NA,NA
"ArizonaState","ASU","ASU_SUN","","",NA,NA
"ArizonaSt","ASU","","","",NA,""
"","ASU","","","",NA,"ArizonaStSunDevils"
"Apprentice","AT2","","","",NA,""
"Auburn","AUB","AUB_TIG","","",NA,NA
"","AUB","AUB_TIG","","",NA,"AuburnTigers"
"AveMaria","AV4","","","",NA,""
"Barry","BA2","","","",NA,""
"Alabama","BAM","","","",NA,NA
"Baylor","BAY","BAL_BEA","","",NA,NA
"Bentley","BE2","","","",NA,""
"Benedictine(KS)","BE3","","","",NA,""
"Belmont","BEL","","","",NA,""
"","BEL","","","",NA,"BelmontBruins"
"Bethune-Cookman","BET","","","",NA,NA
"BowlingGreenState","BGS","","","",NA,NA
"BowlingGreen","BGS","","","",NA,""
"Binghamton","BIN","","","",NA,NA
"Baker","BK4","","","",NA,""
"Bloomfield","BL2","","","",NA,""
"BostonCollege","BOC","BOC_EAG","","",NA,NA
"St.Bonaventure","BON","","","",NA,NA
"StBonaventure","BON","","","",NA,""
"StBonaventure/a>","BON","","","",NA,""
"Bradley","BRA","","","",NA,NA
"Bradley","BRA","","","",NA,NA
"Brown","BRO","BRO_BEA","","",NA,NA
"Bryant","BRY","BRY_BUL","","",NA,NA
"Bryant/a>","BRY","BRY_BUL","","",NA,""
"","BRY","BRY_BUL","","",NA,"BryantBulldogs"
"BallState","BSU","BAL_CAR","","",NA,NA
"BallSt","BSU","BAL_CAR","","",NA,NA
"Bates","BT3","","","",NA,""
"Bucknell","BUC","BUC_BIS","","",NA,NA
"Buffalo","BUF","","","",NA,NA
"","BUF","","","",NA,"BuffaloBulls"
"Butler","BUT","","","",NA,NA
"Butler","BUT","BUT_BUL","","",NA,NA
"BaldwinWallace","BW3","","","",NA,""
"BYU","BYU","BYU_COU","","",NA,""
"","BYU","BYU_COU","","",NA,"BYUCougars"
"California","CAL","","","",NA,NA
"Campbell","CAM","CAM_CAM","ColorCoded","",NA,NA
"","CAM","","","",NA,"CampbellFightingCamels"
"CalPoly","CAP","","","",NA,NA
"CalPoly","CAP","","","",NA,NA
"CalPolyPomona","CP2","","","",NA,""
"CentralArk","CAR","","","",NA,""
"CaliforniaBaptist","CB2","","","",NA,""
"Colby","CB3","","","",NA,""
"CentralConnSt","CCU","","","",NA,""
"Chicago","CH3","","","",NA,""
"Charlotte","CHA","CHAR49ers","","",NA,NA
"","CHA","","","",NA,"Charlotte49ers"
"Charleston","CT2","","","",NA,NA
"COL.OFCHARLESTON","COC","","","",NA,NA
"CharlestonSo.","CHS","CHA_BUC","","",NA,NA
"CharlestonSouthern","CHS","CHA_BUC","None","",NA,NA
"CharlestonSo","CHS","CHA_BUC","","",NA,""
"","CHS","CHA_BUC","","",NA,"CharlestonSoBuccaneers"
"Cincinnati","CIN","","","",NA,NA
"","CIN","","","",NA,"CincinnatiBearcats"
"Canisius","CIS","","","",NA,NA
"","CIS","","","",NA,"CanisiusGoldenGriffins"
"TheCitadel","CIT","CIT_BUL","","",NA,NA
"","CIT","","","",NA,"TheCitadelBulldogs"
"Clemson","CLE","CLE_TIG","sameasUNC","http://www.clemsontigers",NA,NA
"","CLE","","","",NA,"ClemsonTigers"
"ColoradoMesa","CM2","","","",NA,""
"CentralMichigan","CMU","","","",NA,NA
"CentralMich","CMU","","","",NA,""
"Coker","CO2","","","",NA,""
"CoastalCarolina","COA","COA_CHA","","",NA,NA
"CoastalCaro","COA","","","",NA,NA
"","COA","","","",NA,"CoastalCaroChanticleers"
"CollegeofCharleston","COC","COC_COU","","",NA,NA
"ColofCharleston","COC","","","",NA,NA
"","COC","","","",NA,"ColofCharlestonCougars"
"Columbia","COL","","","",NA,NA
"CoppinState","COP","","","",NA,NA
"CoppinSt","COP","","","",NA,""
"Cornell","COR","COR_BRE","","",NA,NA
"Creighton","CRE","","","",NA,NA
"ChicoSt","CS2","","","",NA,""
"CSUBakersfield","CSB","","","",NA,NA
"","CSB","","","",NA,"CSUBakersfieldRoadrunners"
"CalStateFullerton","CSF","","","",NA,NA
"CalStFullerton","CSF","","","",NA,""
"CalStateNorthridge","CSN","CAL_MAT","","",NA,NA
"CSUN","CSN","CAL_MAT","","",NA,NA
"ChicagoState","CSU","CHI_COU","","",NA,NA
"ChicagoSt","CSU","CHI_COU","","",NA,""
"","CSU","CHI_COU","","",NA,"ChicagoStCougars"
"DallasBaptist","DAB","DAL_PAT","","",NA,NA
"Davidson","DAV","DAV_WIL","","",NA,NA
"","DAV","","","",NA,"DavidsonWildcats"
"Dayton","DAY","DAY_FLY","","",NA,NA
"","DAY","DAY_FLY","","",NA,"DaytonFlyers"
"Delaware","DEL","","","",NA,NA
"","DEL","","","",NA,"DelawareBlueHens"
"DelawareState","DES","","","",NA,NA
"DelawareSt","DES","","","",NA,""
"","DES","","","",NA,"DelawareStHornets"
"DePauw","DP3","","","",NA,""
"Dartmouth","DRT","","","",NA,""
"DixieSt","DS2","","","",NA,""
"Duke","DUK","DUK_BLU","","",NA,NA
"","DUK","","","",NA,"DukeBlueDevils"
"EastCarolina","ECU","ECU_PIR","","",NA,NA
"","ECU","","","",NA,"EastCarolinaPirates"
"SIUEDWARDSVILLE","SUE","SOU_COU","","",NA,NA
"EasternIll","EIL","","","",NA,""
"E.UKE","EKU","","","",NA,NA
"E.UKE","EKU","","","",NA,NA
"EasternKentucky","EKU","","","",NA,NA
"EASTERNKENTUCKY","EKU","","","",NA,NA
"EasternKy","EKU","","","",NA,NA
"","EKU","","","",NA,"EasternKyColonels"
"Elon","ELO","ELO_PHO","","",NA,NA
"","ELO","","","",NA,"ElonPhoenix"
"EasternMichigan","EMI","EMI_EAG","","",NA,NA
"EasternMich","EMI","","","",NA,NA
"EastStroudsburg","ES2","","","",NA,""
"ETSU","ETS","ETS_BUC","","",NA,NA
"","ETS","","","",NA,"ETSUBuccaneers"
"Evansville","EVN","EVA_ACE","","",NA,""
"Fairfield","FAI","FAI_STA","","",NA,NA
"Fairfield","FAI","FAI_STA","","",NA,NA
"","FAI","","","",NA,"FairfieldStags"
"FloridaA&M","FAM","","","",NA,NA
"FAU","FAU","","","",NA,NA
"FloridaAtlantic","FAU","","","",NA,NA
"FlaAtlantic","FAU","","","",NA,NA
"FairleighDickinson","FDC","","","",NA,NA
"FairleighDickinson","FDC","","","",NA,NA
"FloridaGulfCoast","FGC","","","",NA,NA
"FGCU","FGC","","","",NA,""
"FloridaInternational","FIU","","","",NA,NA
"FIU","FIU","","","",NA,""
"FrancisMarion","FM2","","","",NA,""
"FloridaMemorial","FM4","","","",NA,NA
"Fordham","FOR","FOR_RAM","","",NA,NA
"","FOR","","","",NA,"FordhamRams"
"FranklinPierce","FP2","","","",NA,""
"FresnoPacific","FR2","","","",NA,""
"FresnoState","FRE","","","",NA,NA
"FresnoSt","FRE","","","",NA,""
"FairmontSt","FS2","","","",NA,""
"FarmingdaleSt","FS3","","","",NA,""
"FloridaState","FSU","FLO_SEM","","http://www.seminoles",NA,NA
"FloridaState","FSU","FLO_SEM","","http://www.nmnathletics",NA,NA
"FloridaSt","FSU","","","",NA,NA
"","FSU","","","",NA,"FloridaStSeminoles"
"Furman","FUR","FUR_PAL","","",NA,NA
"FortWayne","FWU","","","",NA,NA
"Gannon","GA2","","","",NA,""
"GeorgiaSouthern","GAS","GAS_EAG","","",NA,NA
"GeorgiaSouthern","GAS","GAS_EAG","","",NA,NA
"GaSouthern","GAS","","","",NA,""
"","GAS","","","",NA,"GaSouthernEagles"
"GeorgiaTech","GAT","GIT_YEL","","http://www.ramblinwreck",NA,NA
"","GAT","","","",NA,"GeorgiaTechYellowJackets"
"","GCU","","","",NA,"GrandCanyonLopes"
"GrandCanyon","GCU","","","",NA,""
"Georgetown","GEO","GUHoyas","","",NA,NA
"","GEO","","","",NA,"GeorgetownHoyas"
"GeorgeWashington","GEW","","","",NA,NA
"","GEW","","","",NA,"GeorgeWashingtonColonials"
"KENNESAWST.","GKS","","","",NA,NA
"KennesawState","GKS","","","",NA,NA
"KennesawSt","GKS","","","",NA,""
"KennesawSt</a>","GKS","","","",NA,""
"","GKS","","","",NA,"KennesawStOwls"
"GeorgeMason","GMU","","","",NA,NA
"","GMU","","","",NA,"GeorgeMasonPatriots"
"NorthGeorgia","GN2","","","",NA,""
"Goshen","GO4","","","",NA,""
"Gonzaga","GON","","","",NA,NA
"Gonzaga","GON","","","",NA,NA
"Grace(IN)","GR4","","","",NA,""
"GramblingState","GRS","GRS_TIG","","",NA,NA
"Grambling","GRS","","","",NA,""
"GEORGIAST.","GSU","GEO_PAN","","",NA,NA
"GeorgiaState","GSU","GEO_PAN","","",NA,NA
"GeorgiaSt","GSU","GEO_PAN","","",NA,""
"","GSU","GEO_PAN","","",NA,"GeorgiaStPanthers"
"Gardner-Webb","GWU","GAR_RUN","None","",NA,NA
"Gardner-Webb","GWU","GAR_RUN","None","",NA,NA
"","GWU","","","",NA,"Gardner-WebbRunnin&#x27;Bulldogs"
"Hartford","HAF","","","",NA,NA
"Harvard","HAR","HAR_CRI","","",NA,NA
"Hawai'i","HAW","","","",NA,NA
"Hawaii","HAW","","","",NA,NA
"Hawaii","HAW","","","",NA,NA
"HoustonBaptist","HBU","","","",NA,""
"HoustonBaptist,Texas","HBU","","","",NA,""
"HolyCross(IN)","HC4","","","",NA,""
"HolyCross","HCU","","","",NA,NA
"HawaiiHilo","HH2","","","",NA,""
"Hillsdale","HL2","","","",NA,""
"HolyNames","HN2","","","",NA,""
"Hofstra","HOF","","","",NA,NA
"","HOF","","","",NA,"HofstraPride"
"Houston","HOU","","","",NA,NA
"HawaiiPacific","HP2","","","",NA,""
"HighPoint","HPU","HIG_PAN","None","",NA,NA
"","HPU","","","",NA,"HighPointPanthers"
"Harris-Stowe","HS4","","","",NA,""
"Husson","HU3","","","",NA,""
"Illinois-Chicago","UIC","","","",NA,NA
"Illinois-Chicago","UIC","","","",NA,NA
"Ill-Chicago","UIC","","","",NA,NA
"Illinois","ILL","ILL_ILL","","",NA,NA
"IllinoisState","ILS","","","",NA,NA
"IllinoisSt","ILS","","","",NA,""
"IllinoisSt/a>","ILS","","","",NA,""
"","ILS","","","",NA,"IllinoisStRedbirds"
"WesternIll","ILW","","","",NA,""
"UIndy","IN2","","","",NA,""
"Indiana","IND","IU","","",NA,NA
"","IND","IU","","",NA,"IndianaHoosiers"
"IncarnateWord","INW","","","",NA,NA
"Iona","ION","","","",NA,NA
"IonaCollege","ION","","","",NA,NA
"","ION","","","",NA,"IonaGaels"
"Iowa","IOW","","","",NA,NA
"Iowa/a>","IOW","","","",NA,""
"IndianaState","ISU","","","",NA,NA
"IndianaSt","ISU","","","",NA,""
"IndWesleyan","IW2","","","",NA,""
"IllWesleyan","IW3","","","",NA,""
"Jacksonville","JAC","","","",NA,NA
"JamesMadison","JMU","JMU_DUK","","",NA,NA
"","JMU","","","",NA,"JamesMadisonDukes"
"JacksonSt","JST","","","",NA,""
"JacksonvilleState","JSU","","","",NA,NA
"JacksonvilleSt","JSU","","","",NA,""
"","JSU","","","",NA,"JacksonvilleStGamecocks"
"Kansas","KAN","","","",NA,NA
"","KAN","","","",NA,"KansasJayhawks"
"KentState","KEN","KEN_GOL","","",NA,NA
"KentSt","KEN","","","",NA,NA
"","KEN","","","",NA,"KentStGoldenFlashes"
"KentuckySt","KS2","","","",NA,""
"","KS2","","","",NA,"KentuckyStThorobreds"
"KansasState","KSU","KAN_WIL","","",NA,NA
"KansasSt","KSU","KAN_WIL","","",NA,NA
"","KSU","KAN_WIL","","",NA,"KansasStWildcats"
"Kalamazoo","KZ3","","","",NA,""
"LSU-Alexandria","LA4","","","",NA,""
"Lafayette","LAF","","","",NA,NA
"La-Monroe","LAM","ULM_WAR","","",NA,""
"LaSalle","LAS","LAS_EXS","","",NA,NA
"","LAS","LAS_EXS","","",NA,"LaSalleExplorers"
"LouisianaTech","LAT","","","",NA,NA
"LongBeachState","LBS","","","",NA,NA
"LongBeachState","LBS","","","",NA,NA
"LongBeachSt","LBS","","","",NA,NA
"","LBS","LON_DIR","","",NA,"LongBeachStDirtbags"
"LouisianaCol","LC3","","","",NA,""
"LakeErie","LE2","","","",NA,""
"Lehigh","LEH","","","",NA,""
"Lincoln(PA)","LI2","","","",NA,""
"Liberty","LIB","LIB_FLA","ColorCoded","",NA,NA
"","LIB","","","",NA,"LibertyFlames"
"Lipscomb","LIP","","","",NA,NA
"","LIP","","","",NA,"LipscombBisons"
"LIUBrooklyn","LIU","","","",NA,NA
"","LIU","","","",NA,"LIUBrooklynBlackbirds"
"LoyolaMarymount","LMA","LOY_LIO","","",NA,NA
"","LMA","LOY_LIO","","",NA,"LoyolaMarymountLions"
"LamarUniversity","LMR","","","",NA,""
"LMU","LMA","LOY_LIO","","",NA,NA
"Lynn","LN2","","","",NA,""
"Lindenwood(IL)","LN4","","","",NA,""
"Louisville","LOU","LOU_CAR","sameasNCState","http://gocards",NA,NA
"","LOU","","","",NA,"LouisvilleCardinals"
"LIUPost","LP2","","","",NA,""
"LSU","LSU","","","",NA,NA
"","LSU","","","",NA,"LSUFightingTigers"
"Longwood","LWD","LON_LAN","","",NA,NA
"","LWD","LON_LAN","","",NA,"LongwoodLancers"
"Maine","MAI","MAI_BEA","","",NA,NA
"Marist","MRS","","","",NA,NA
"","MRS","","","",NA,"MaristRedFoxes"
"Malone","ML2","","","",NA,""
"Manhattan","MAN","","","",NA,NA
"Marshall","MAR","","","",NA,NA
"","MAR","","","",NA,"MarshallThunderingHerd"
"Massachusetts","MAS","","","",NA,""
"Mercy","MC2","","","",NA,""
"Mid-Continent","MC4","","","",NA,""
"McNeese","MCN","","","",NA,""
"Memphis","MEM","MT","","",NA,NA
"Mercer","MER","","","",NA,NA
"","MER","","","",NA,"MercerBears"
"MarylandEasternShore","MES","MES_HAW","","",NA,NA
"UMES","MES","","","",NA,""
"","MAI","","","",NA,"MaineBlackBears"
"Me-Farmington","MF3","","","",NA,""
"MarsHill","MH2","","","",NA,""
"MoreheadSt","MHS","","","",NA,NA
"MIA","MIA","","","",NA,NA
"Miami","MIA","MIA_HUR","","",NA,NA
"Miami","MIA","MIA_HUR","","",NA,NA
"Miami(FL)","MIA","","","",NA,NA
"Miami(FL)","MIA","","","",NA,NA
"MiamiFL","MIA","MIA_HUR","","",NA,NA
"Miami(FL)","MIA","MIA_HUR","","",NA,NA
"MIAMI(FLA.)","MIA","","","",NA,NA
"","MIA","","","",NA,"Miami"
"Michigan","MIC","","","",NA,NA
"Miami-Hamilton","MH7","","","",NA,""
"Milwaukee","MIL","","","",NA,""
"Minnesota","MIN","","","",NA,NA
"Missouri","MIZ","MIZ_TIG","","",NA,NA
"Mizzou","MIZ","MIZ_TIG","","",NA,NA
"Merrimack","MM2","","","",NA,""
"MacMurray","MM3","","","",NA,""
"Molloy","MO2","","","",NA,""
"MIA(OH)","MOH","","","",NA,NA
"MIA(OH)","MOH","","","",NA,NA
"Miami(OH)","MOH","MOH_RED","","",NA,NA
"Miami(OH)","MOH","","","",NA,NA
"MIAMI(OHIO)","MOH","","","",NA,NA
"Monmouth","MON","MON_HAW","","",NA,NA
"Monmouth,N.J.","MON","MON_HAW","","",NA,NA
"","MON","MON_HAW","","",NA,"MonmouthHawks"
"MountSt.Mary's","MSM","MSM","","",NA,NA
"MtStMary's","MSM","","","",NA,NA
"MississippiState","MSS","MSU_BDG","","",NA,NA
"MississippiSt","MSS","MSU_BDG","","",NA,NA
"MississippiStama</a>","MSS","MSU_BDG","","",NA,""
"MichiganState","MSU","MSU_SPA","","",NA,NA
"MichiganSt","MSU","","","",NA,NA
"SaintMartin's","MT2","","","",NA,""
"MiddleTenn","MTN","","","",NA,""
"Muskingum","MU2","","","",NA,""
"MurrayState","MUR","MUR_RAC","","",NA,NA
"MurraySt","MUR","MUR_RAC","","",NA,NA
"","MUR","MUR_RAC","","",NA,"MurrayStRacers"
"Moravian","MV3","","","",NA,""
"MississippiVal","MVS","","","",NA,""
"Maryville(TN)","MY3","","","",NA,""
"MissouriSt","MZS","MIS_BEA","","",NA,""
"MissouriValley","ZV4","","","",NA,""
"TBA","NA_","","","",NA,""
"NorthAla","NA2","","","",NA,""
"Navy","NAV","NAV_MID","","",NA,NA
"NorthCentral(IL)","NC3","","","",NA,""
"UNCAsheville","NCA","NCA_BUL","","",NA,NA
"","NCA","","","",NA,"UNCAshevilleBulldogs"
"N.C.Central","NCC","NOR_EAG","","",NA,NA
"NorthCarolinaCentral","NCC","NOR_EAG","","",NA,NA
"NCCentral","NCC","NOR_EAG","","",NA,""
"UNCG","NCG","UNC_SPA","","",NA,NA
"UNCGreensboro","NCG","UNC_SPA","","",NA,NA
"NorthernColo","NCO","","","",NA,""
"NCState","NCS","NOR_WOL","sameasLouisville","http://gopack",NA,NA
"NorthCarolinaState","NCS","NOR_WOL","","http://gopack",NA,NA
"NorthCarolinaSt","NCS","","","",NA,NA
"","NCS","","","",NA,"NorthCarolinaStWolfpack"
"UNC-Wilmington","NCW","UNC_SEA","","",NA,NA
"UNCW","NCW","","","",NA,NA
"UNCWilmington","NCW","","","",NA,NA
"","NCW","","","",NA,"UNCWSeahawks"
"NotreDame(OH)","ND2","","","",NA,""
"NorthDakotaSt","NDS","","","",NA,""
"NorthDakota","NDU","","","",NA,""
"Northeastern","NEA","NOR_HUS","","",NA,NA
"","NEA","NOR_HUS","","",NA,"NortheasternHuskies"
"Nebraska","NEB","","","",NA,NA
"Omaha","NEO","","","",NA,NA
"Nevada","NEV","","","",NA,NA
"NorthFlorida","NFU","","","",NA,NA
"","NFU","","","",NA,"NorthFloridaOspreys"
"NorthGreenville","NG2","","","",NA,""
"Niagara","NIA","","","",NA,NA
"Niagra","NIA","NIA_PUR","","",NA,NA
"","NIA","","","",NA,"NiagaraPurpleEagles"
"Nicholls","NIC","","","",NA,NA
"NorthernIllinois","NIU","NIU_HUS","","",NA,NA
"NorthernIll","NIU","NIU_HUS","","",NA,""
"NJIT","NJT","","","",NA,""
"NorthernKentucky","NKU","","","",NA,NA
"NorthernKy","NKU","","","",NA,NA
"","NKU","","","",NA,"NorthernKyNorse"
"UNLV","NLV","NLV_REB","","",NA,NA
"NewMexicoSt","NMS","","","",NA,""
"NorthwesternOhio","NO4","","","",NA,""
"NotreDame","NOD","NOT_IRI","","",NA,NA
"","NOD","","","",NA,"NotreDameFightingIrish"
"NorfolkSt","NOS","","","",NA,NA
"NorfolkState","NOS","","","",NA,NA
"","NOS","","","",NA,"NorfolkStSpartans"
"NovaSoutheastern","NS2","","","",NA,""
"NichollsSt","NIC","","","",NA,""
"NorthwesternState","NSW","","","",NA,NA
"NorthwesternState","NSW","","","",NA,NA
"NorthwesternSt","NSW","","","",NA,""
"","NSW","","","",NA,"NorthwesternStDemons"
"Northwestern","NWS","","","",NA,NA
"Nyack","NY2","","","",NA,""
"NewYorkTech","NYI","","","",NA,NA
"NYIT","NYI","","","",NA,NA
"Oakland","OAK","","","",NA,NA
"","OAK","","","",NA,"OaklandGoldenGrizzlies"
"OldDominion","ODU","","","",NA,NA
"","ODU","","","",NA,"OldDominionMonarchs"
"Oglethorpe","OG3","","","",NA,""
"Ohio","OHI","OHI_BOB","","",NA,NA
"","OHI","","","",NA,"OhioBobcats"
"OhioState","OHS","OSU_BUC","","",NA,NA
"OhioSt","OHS","OSU_BUC","","",NA,""
"","OHS","OSU_BUC","","",NA,"OhioStBuckeyes"
"Oklahoma","OKL","OKL_SOO","","",NA,NA
"","OKL","OKL_SOO","","",NA,"OklahomaSooners"
"OklahomaState","OKS","OKL_COW","","",NA,NA
"OklahomaSt","OKS","","","",NA,NA
"","OKS","","","",NA,"OklahomaStCowboys"
"Olivet","OL3","","","",NA,""
"OleMiss","OLE","","","",NA,NA
"","OLE","","","",NA,"OleMissRebels"
"OhioNorthern","ON3","","","",NA,""
"Oregon","ORE","ORE_DUC","","",NA,NA
"NewOrleans","ORL","ORL_PIR","","",NA,NA
"OralRoberts","ORO","ORA_GOL","","",NA,NA
"OregonSt","OSU","","","",NA,""
"Otterbein","OT3","","","",NA,""
"Pace","PA2","","","",NA,""
"Pacific","PAC","","","",NA,NA
"PrarieViewA&M","PRV",NA,NA,NA,NA,NA
"Penn","PEN","","","",NA,NA
"Pepperdine","PEP","PEP_WAV","","",NA,NA
"","PEP","","","",NA,"PepperdineWaves"
"Pfeiffer","PF3","","","",NA,""
"PhiladelphiaU","PH2","","","",NA,""
"Me-PresqueIsle","PI4","","","",NA,""
"Pitt","PIT","","","",NA,NA
"Pittsburgh","PIT","PIT_PAN","ColorCoded","",NA,NA
"","PIT","","","",NA,"PittsburghPanthers"
"Pittsburgh</a>","PIT","","","",NA,""
"PointLoma","PL2","","","",NA,""
"Purdue-NorthCent","PN4","","","",NA,""
"Post","PO2","","","",NA,""
"Portland","POR","","","",NA,NA
"Presbyterian","PRC","PRE_BLH","","",NA,NA
"Princeton","PRI","","","",NA,NA
"","PRI","","","",NA,"PrincetonTigers"
"PrairieView","PRV","","","",NA,""
"PennState","PSU","PSU_NIT","","",NA,NA
"PennSt","PSU","","","",NA,""
"","PSU","","","",NA,"PennStNittanyLions"
"Purdue","PUR","","","",NA,NA
"Quinnipiac","QUI","QUI_BOB","","",NA,NA
"","QUI","","","",NA,"QuinnipiacBobcats"
"Radford","RAD","RAD_HIL","","",NA,NA
"","RAD","RAD_HIG","","",NA,"RadfordHighlanders"
"RioGrande","RG4","","","",NA,""
"Richmond","RIC","RIC_SPI","","",NA,NA
"","RIC","","","",NA,"RichmondSpiders"
"Rider","RID","","","",NA,NA
"","RID","","","",NA,"RiderBroncs"
"Rice","RIE","","","",NA,NA
"","RIE","","","",NA,"RiceOwls"
"Rice,Texas","RIE","","","",NA,""
"RhodeIsland","RIU","","","",NA,NA
"","RIU","","","",NA,"RhodeIslandRams"
"RobertMorris(IL)","RM4","","","",NA,""
"RochesterCollege","RO3","","","",NA,""
"Roosevelt","RO4","","","",NA,""
"Rutgers","RUT","","","",NA,NA
"","RUT","","","",NA,"RutgersScarletKnights"
"StAnselm","SA2","","","",NA,""
"SanFrancisco","SAF","","","",NA,""
"SanFrancisco</a>","SAF","","","",NA,""
"","SAF","","","",NA,"SanFranciscoDons"
"Samford","SAM","","","",NA,NA
"SouthAlabama","SAU","SAL_JAG","","",NA,NA
"SouthernAlabama","SAU","SAL_JAG","","",NA,NA
"SouthAla","SAU","SAL_JAG","","",NA,""
"SouthBendCubs","SB+","","","",NA,NA
"SouthBendCubs","SB+","","","",NA,NA
"StonyBrook","SBU","","","",NA,NA
"","SBU","","","",NA,"StonyBrookSeawolves"
"USciences","SC2","","","",NA,""
"SantaClara","SCU","","","",NA,NA
"SantaClara","SCU","","","",NA,NA
"SCWUpstate","UPS","","","",NA,NA
"USC-Upstate","UPS","","","",NA,NA
"SantaClara</a>","SCU","","","",NA,""
"SouthernCalifornia","SCW","SOU_TRO","","",NA,NA
"USC","SCW","SOU_TRO","","",NA,NA
"","SCW","SOU_TRO","","",NA,"SouthernCaliforniaTrojans"
"Shepherd","SD2","","","",NA,""
"SouthDakotaSt","SDK","","","",NA,""
"SanDiegoSt.","SDS","","","",NA,NA
"SanDiegoState","SDS","","","",NA,NA
"SanDiegoState","SDS","","","",NA,NA
"SOUTHDAKOTAST.","SDK","","","",NA,NA
"SOUTHDAKOTASTATE","SDK","","","",NA,NA
"SanDiegoSt","SDS","","","",NA,NA
"","SDS","","","",NA,"SanDiegoStAztecs"
"SanDiego","SDU","","","",NA,NA
"SanDiego/a>","SDU","","","",NA,""
"StEdward's","SE2","","","",NA,""
"SeattleU","SEA","","","",NA,""
"SoutheastMoSt","SEM","SOU_RED","","",NA,""
"SFA","SFA","","","",NA,""
"SanFranSt","FC2","","","",NA,""
"Stonehill","SH2","","","",NA,""
"SacredHeart","SHE","","","",NA,NA
"SamHoustonSt","SHS","","","",NA,""
"SetonHall","SHU","SET_PIR","","",NA,NA
"","SHU","","","",NA,"SetonHallPirates"
"Sienna","SIE","","","",NA,NA
"Siena","SIE","","","",NA,""
"SouthernIllinois","SIU","","","",NA,NA
"SouthernIll","SIU","","","",NA,""
"St.Joseph's","SJO","","","",NA,NA
"","SJO","","","",NA,"SaintJoseph&#x27;sHawks"
"SanJoseState","SJS","","","",NA,NA
"SanJoseSt","SJS","","","",NA,""
"SoutheasternLa","SLA","","","",NA,""
"","SLA","","","",NA,"SoutheasternLaLions"
"SaintLouis","SLU","SLU_BIL","","",NA,NA
"SaintMichael's","SM2","","","",NA,""
"StMary(KS)","SM4","","","",NA,""
"SouthernMiss.","SMI","","","",NA,NA
"SouthernMiss.","SMI","","","",NA,NA
"SouthernMiss","SMI","","","",NA,""
"SaintMary's(CA)","SMY","","","",NA,""
"","SMY","","","",NA,"SaintMary's"
"SouthernNH","SN2","","","",NA,""
"SouthernUniversity","SOU","SOU_JAG","","",NA,NA
"SouthernUniversity","SOU","SOU_JAG","","",NA,NA
"SouthernU","SOU","SOU_JAG","","",NA,""
"SouthernUs","SOU","SOU_JAG","","",NA,""
"","SPU","","","",NA,"SaintPeter'sPeacocks"
"SaintPeter's","SPU","","","",NA,NA
"SaintPeters","SPU","SPU_PEA","","",NA,NA
"SaintPeters","SPU","SPU_PEA","","",NA,NA
"SaintRose","SR2","","","",NA,""
"SonomaSt","SS2","","","",NA,""
"SacramentoState","SST","","","",NA,NA
"SacramentoSt","SST","","","",NA,""
"SavannahState","SSU","","","",NA,NA
"SavannahSt","SSU","","","",NA,""
"StThomas(FL)","ST-","","","",NA,""
"Stanford","STA","","","",NA,""
"Stetson","STE","","","",NA,NA
"","STE","","","",NA,"StetsonHatters"
"St.John's","STJ","","","",NA,NA
"St.Johns","STJ","","","",NA,NA
"StJohn&#x27;s(NY)","STJ","","","",NA,NA
"StJohn's(NY)","STJ","","","",NA,NA
"","STJ","","","",NA,"StJohn&#x27;s"
"","STJ","","","",NA,"StJohn's"
"SaintJoseph's","SJO","","","",NA,NA
"SIUE","SUE","SOU_COU","","",NA,""
"SouthernUtah","SUT","","","",NA,""
"ShawneeSt","SW4","","","",NA,""
"TexasA&M","TAM","TEX_AGG","","",NA,NA
"","TAM","TEX_AGG","","",NA,"TexasA&amp;MAggies"
"TexasChristian","TCU","TCU_HFG","","",NA,NA
"TCU","TCU","TCU_HFG","","",NA,""
"","TCU","TCU_HFG","","",NA,"TCUHornedFrogs"
"TCU,Texas","TCU","TCU_HFG","","",NA,""
"Temple","TEM","","","",NA,NA
"Tennessee","TEN","","","",NA,NA
"Tennessee,Texas","TEN","","","",NA,""
"","TEN","","","",NA,"TennesseeVolunteers"
"Texas","TEX","TEX_LON","","",NA,NA
"Thomas(ME)","TH3","","","",NA,""
"ThomasMore","TM3","","","",NA,""
"UTMartin","TMA","","","",NA,NA
"TennesseeTech","TNT","","","",NA,NA
"Toledo","TOL","TOL_ROC","","",NA,NA
"Towson","TOW","TOW_TIG","","",NA,NA
"","TOW","","","",NA,"TowsonTigers"
"Trinity(CT)","TR3","","","",NA,""
"UTRGV","TRG","","","",NA,""
"Troy","TRY","TRO_TRJ","","",NA,NA
"UTSA","TSA","","","",NA,""
"TexasSt","TSU","TEX_BOB","","",NA,""
"TexasTech","TTU","","","",NA,NA
"TexasTech,TX","TTU","","","",NA,""
"TexasTech,Texas","TTU","","","",NA,""
"Tuskegee","TU2","","","",NA,""
"Tulane","TUL","","","",NA,""
"","TUL","","","",NA,"TulaneGreenWave"
"TexasSouthern","TXS","","","",NA,NA
"TexasSouthern","TXS","","","",NA,NA
"Taylor(IN)","TY3","","","",NA,""
"UAB","UAB","","","",NA,NA
"UAB","UAB","","","",NA,NA
"","UAB","","","",NA,"UABBlazers"
"UCClermont","CC8","","","",NA,""
"UCDavis","UCD","","","",NA,NA
"UCF","UCF","","","",NA,NA
"UCF","UCF","","","",NA,NA
"UCIrvine","UCI","","","",NA,NA
"UCLA","UCL","UCL_BRU","","",NA,NA
"","UCL","","","",NA,"UCLABruins"
"Connecticut","UCO","UCO_HUS","","",NA,NA
"UConn","UCO","UCO_HUS","","",NA,NA
"","UCO","UCO_HUS","","",NA,"UConnHuskies,UConn"
"UCRiverside","UCR","","","",NA,NA
"UCSANTABARBARA","UCS","","","",NA,NA
"","UCS","","","",NA,"UCSantaBarbaraGauchos"
"Florida","UFL","","","",NA,NA
"Georgia","UGA","UGA_BUL","","",NA,NA
"Kentucky","UKE","","","",NA,NA
"","UKE","KEN_WIL","","",NA,"KentuckyWildcats"
"Louisiana","ULL","","","",NA,""
"","ULL","","","",NA,"LouisianaRagin'Cajuns"
"UMBC","UMB","UMBC_RET","","",NA,NA
"","UMB","","","",NA,"UMBCRetrievers"
"Maryland","UMD","UMD_TER","","",NA,NA
"","UMD","MAR_TER","","",NA,"MarylandTerrapins,Terps"
"UMass-Lowel","UML","UMASS_RIV","","",NA,NA
"UMassLowell","UML","UMASS_RIV","","",NA,""
"","UML","UMASS_RIV","","",NA,"UMassLowellRiverHawks"
"NCATBB","UNA","NOR_AGG","","",NA,NA
"UNCA&T","UNA","NOR_AGG","","",NA,NA
"NCA&T","UNA","NOR_AGG","","",NA,NA
"NorthCarolina","UNC","NOR_TAR","","http://www.goheels",NA,NA
"","UNC","","","",NA,"NorthCarolinaTarHeels"
"NewMexico","UNM","","","",NA,""
"USC-Upstate","UPS","","","",NA,NA
"USCUpstate","UPS","","","",NA,NA
"","UPS","","","",NA,"USCUpstateSpartans"
"Urbana","UR2","","","",NA,""
"SouthCarolina","USC","SOU_GAM","","",NA,NA
"","USC","SOU_GAM","","",NA,"SouthCarolinaGamecocks"
"SouthFlorida","USF","","","",NA,NA
"SouthFlorida","USF","","","",NA,NA
"USF","USF","","","",NA,NA
"SouthFla","USF","","","",NA,""
"","USF","","","",NA,"SouthFlaBulls"
"Utah","UTA","UTA_UTE","","",NA,""
"UtahValley","UTV","UTA_WOL","","",NA,NA
"UtahValleyna","UTV","UTA_WOL","","",NA,""
"Virginia","UVA","VIR_CAV","","",NA,NA
"","UVA","","","",NA,"VirginiaCavaliers"
"Valparaiso","VAL","","","",NA,NA
"Valparaiso/a>","VAL","","","",NA,""
"","VAL","","","",NA,"ValparaisoCrusaders"
"Vanderbilt","VAN","","","",NA,NA
"","VAN","","","",NA,"VanderbiltCommodores"
"VirginiaTech","VAT","VT","","",NA,NA
"","VAT","","","",NA,"VirginiaTechHokies"
"VCU","VCU","VCU_RAM","","",NA,NA
"","VCU","","","",NA,"VCURams"
"Villanova","VIL","","","",NA,NA
"Villanova","VIL","VIL_WIL","","",NA,NA
"","VIL","","","",NA,"VillanovaWildcats"
"VIRGINIAMILITARYINSTITUTE","VMI","VIR_KEY","","",NA,NA
"VMI","VMI","VIR_KEY","","",NA,NA
"","VMI","","","",NA,"VMIKeydets"
"VirginiaSt","VG2","","","",NA,""
"VaWesleyan","VW3","","","",NA,""
"William&Mary","W&M","WM_TRI","","",NA,NA
"WilliamandMary","W&M","WIL_TRI","","",NA,NA
"","W&M","","","",NA,"William&amp;MaryTribe"
"","W&M","","","",NA,"William&&MaryTribe"
"Wabash","WA3","","","",NA,""
"WakeForest","WAF","WAK_DEA","","",NA,NA
"","WAF","","","",NA,"WakeForestDemonDeacons"
"WAGNER","WAG","","","",NA,NA
"Wagner","WAG","","","",NA,NA
"WagnerCollege","WAG","","","",NA,NA
"","WAG","","","",NA,"WagnerSeahawks"
"Webster","WB3","","","",NA,""
"WesternCarolina","WCU","WCU_CAT","","",NA,NA
"WesternCaro","WCU","WCU_CAT","","",NA,NA
"","WCU","","","",NA,"WesternCaroCatamounts"
"Wingate","WG2","","","",NA,""
"Wilmington(DE)","WI2","","","",NA,""
"Winthrop","WIN","WIN_EAG","","",NA,NA
"","WIN","","","",NA,"WinthropEagles"
"Winthrop,NC","WIN","","","",NA,""
"WichitaState","WST","WIC_SHO","","",NA,NA
"WesternKentucky","WKU","WKU_HIL","","",NA,NA
"WesternKy","WKU","","","",NA,NA
"","WKU","","","",NA,"WesternKyHilltoppers"
"WesternMichigan","WMU","WMU_BRO","","",NA,NA
"WesternMich","WMU","","","",NA,""
"","WMU","","","",NA,"WesternMichBroncos"
"Wofford","WOF","WOF_TER","","",NA,NA
"","WOF","","","",NA,"WoffordTerriers"
"WrightState","WRI","","","",NA,NA
"WrightSt.","WRI","","","",NA,NA
"WrightState","WRI","","","",NA,NA
"WrightSt","WRI","","","",NA,NA
"","WRI","","","",NA,"WrightStRaiders"
"Wesleyan(CT)","WS3","","","",NA,""
"Washington","WSH","WAS_HUS","","",NA,""
"WichitaSt.","WST","WIC_SHO","","",NA,NA
"WichitaSt","WST","WIC_SHO","","",NA,""
"WashingtonSt","WSU","","","",NA,""
"","WSU","","","",NA,"WashingtonStCougars"
"WestVaTech","WV4","","","",NA,""
"WestVirginia","WVU","WES_MOU","","",NA,NA
"","WVU","WES_MOU","","",NA,"WestVirginiaMountaineers"
"Xavier","XAV","XAV_MUS","","",NA,NA
"Xavier,Ohio</a>","XAV","","","",NA,""
"","XAV","","","",NA,"XavierMusketeers"
"Yale","YAL","YAL_BUL","","",NA,""
"","YAL","YAL_BUL","","",NA,"YaleElis,Bulldogs"
"YoungstownState","YOU","YOU_PEN","","",NA,NA
"YoungstownSt","YOU","","","",NA,""
"","YOU","","","",NA,"YoungstownStPenguins"
"UIC","UIC",NA,NA,NA,NA,NA
"CentralFlorida","UCF","","","",NA,""
"OregonState","OSU","","","",NA,""
"Mississippi","OLE","","","",NA,""
"WashingtonState","WSU","","","",NA,""
"FloridaIntl","FIU","","","",NA,""
"MiddleTennState","MTN","","","",NA,""
"Alabama-Birmingham","UAB","","","",NA,""
"UNCCharlotte","CHA","","","",NA,""
"Texas-SanAntonio","TSA","","","",NA,""
"MissouriState","MZS","MIS_BEA","","",NA,""
"ArkansasState","ARS","ASU_RED","","",NA,""
"TexasState","TSU","TEX_BOB","","",NA,""
"Ark-LittleRock","ALR","","","",NA,""
"Louisiana-Lafayette","ULL","","","",NA,""
"Louisiana-Monroe","LAM","ULM_WAR","","",NA,""
"Texas-Arlington","ARL","","","",NA,""
"CalStateBakersfield","CSB","","","",NA,""
"NewMexicoState","NMS","","","",NA,""
"Seattle","SEA","","","",NA,""
"NorthernColorado","NCO","","","",NA,""
"UtahValleyState","UTV","UTA_WOL","","",NA,""
"EastTennesseeState","ETS","","","",NA,""
"UNC-Greensboro","NCG","","","",NA,""
"VaMilitaryInst","VMI","","","",NA,""
"NewJerseyTech","NJT","","","",NA,""
"Lamar","LMR","","","",NA,""
"McNeeseState","MCN","","","",NA,""
"NichollsState","NIC","","","",NA,""
"SamHoustonState","SHS","","","",NA,""
"SELouisiana","SLA","","","",NA,""
"StephenFAustin","SFA","","","",NA,""
"TexasA&M-CorpusChristi","&CC","","","",NA,""
"CentralArkansas","CAR","","","",NA,""
"PresbyterianCollege","PRC","PRE_BLH","","",NA,""
"BrighamYoung","BYU","BYU_COU","","",NA,""
"StMary's(CA)","SMY","","","",NA,""
"UniversityatBuffalo","BUF","","","",NA,""
"LafayetteCollege","LAF","","","",NA,""
"Army","AMY","","","",NA,""
"DavidsonCollege","DAV","","","",NA,""
"VaCommonwealth","VCU","","","",NA,""
"EasternIllinois","EIL","","","",NA,""
"MoreheadState","MHS","","","",NA,""
"SEMissouriState","SEM","SOU_RED","","",NA,""
"SIU-Edwardsville","SUE","SOU_COU","","",NA,""
"UMD-BaltimoreCty","UMB","","","",NA,""
"Massachusetts-Lowell","UML","UMASS_RIV","","",NA,""
"UWMilwaukee","MIL","","","",NA,""
"IndianaU-PurdueU-FW","FWU","","","",NA,""
"NorthDakotaState","NDS","","","",NA,""
"WesternIllinois","ILW","","","",NA,""
"CanisiusCollege","CIS","","","",NA,""
"ManhattanCollege","MAN","","","",NA,""
"SienaCollege","SIE","","","",NA,""
"Pennsylvania","PEN","","","",NA,""
"BryantUniversity","BRY","BRY_BUL","","",NA,""
"CentralCtState","CCU","","","",NA,""
"LongIsland-Brooklyn","LIU","","","",NA,""
"MountSaintMary","MSM","","","",NA,""
"JacksonState","JST","","","",NA,""
"MissValleySt","MVS","","","",NA,""
"PrairieViewA&M","PRV","","","",NA,""
"Southern","SOU","SOU_JAG","","",NA,""
"CoppinStateCollege","COP","","","",NA,""
"NCA&TState","UNA","NOR_AGG","","",NA,""
"Maryland-EasternShore","MES","","","",NA,""
"Tennessee-Martin","TMA","","","",NA,""
"NebraskaatOmaha","NEO","","","",NA,""
"Kentucky","UKE","KEN_WIL",NA,NA,NA,"KentuckyWildcats"
"","BSU","BAL_CAR","","",0,"BallStCardinals"
"","SIE","","","",0,"SienaSaints"
"","SIU","","","",0,"SouthernIllSalukis"
"","BOC","","","",0,"BostonCollegeEagles"
"","MIA","","","",0,"Miami(FL)Hurricanes"
"IPFW","FWU","","","",0,""
"NA","NA","","","",0,""
"NA","NA","","","",0,""
"Asbury","AS4","","","",0,""
"IndianaTech","IT4","","","",0,""
"Mid-AmerChristian","MA4","","","",0,""
"RobertMorris-S'fiel","RM4","","","",0,""
"StCatharine","SC4","","","",0,""
"Tougaloo","TU4","","","",0,""
"Cumberlands(KY)","CM4","","","",0,""
"Lane","LE4","","","",0,""
"LeMoyne-Owen","LO2","","","",0,""
"Miles","MI2","","","",0,""
"","MIC","MIC_WOL","","",0,"MichiganWolverines"
"","FGC","FGCU","","",0,"FGCUEagles"
"","GWU","","","",0,"Gardner-WebbRunnin'Bulldogs"
"","STJ","STJ_RED","","",0,"StJohn's(NY)RedStorm"
"","SJO","","","",0,"SaintJoseph'sHawks"
"","MOH","","","",0,"Miami(OH)RedHawks"
"","TAM","TEX_AGG","","",0,"TexasA&MAggies"
"","ALB","","","",0,"Albany(NY)GreatDanes"
"","W&M","","","",0,"William&MaryTribe"
"","NCS","","","",0,"NCStateWolfpack"
"","AAM","ALA_ANM","","",0,"AlabamaA&MBulldogs"
"","SMY","","","",0,"SaintMary's(CA)Gaels"
"","SUE","SOU_COU","","",0,"SIUECougars"
"","APU","","","",0,"AustinPeayGovernors"
"","BGS","","","",0,"BowlingGreenFalcons"
"","SFA","","","",0,"SFALumberjacks"
"","PRV","","","",0,"PrairieViewPanthers"
"","INW","","","",0,"IncarnateWordCardinals"
"","TTU","","","",0,"TexasTechRedRaiders"
"","BAY","BAL_BEA","","",0,"BaylorBears"
"","TRG","","","",0,"UTRGVVaqueros"
"","BRO","BRO_BEA","","",0,"BrownBears"
"","TEX","TEX_LON","","",0,"TexasLonghorns"
"","MEM","MT","","",0,"MemphisTigers"
"","FUR","","","",0,"FurmanPaladins"
"","NIC","","","",0,"NichollsStColonels"
"","FWU","","","",0,"FortWayneMastodons"
"","NJT","","","",0,"NJITHighlanders"
"","MIZ","MIZ_TIG","","",0,"MissouriTigers"
"","NCC","NOR_EAG","","",0,"NCCentralEagles"
"","LEH","","","",0,"LehighMountainHawks"
"","FDC","","","",0,"FairleighDickinsonKnights"
"","BUC","BUC_BIS","","",0,"BucknellBison"
"","HAF","","","",0,"HartfordHawks"
"","BUT","","","",0,"ButlerBulldogs"
"Earlham","ER3","","","",0,""
"Bellarmine","BM2","","","",0,""
"","BON","","","",0,"StBonaventureBonnies"
"","CMU","","","",0,"CentralMichChippewas"
"Madonna","MD4","","","",0,""
"SaginawValley","SV2","","","",0,""
"Calvin","CV3","","","",0,""
"Davenport","DV4","","","",0,""
"Northwood","NW2","","","",0,""
"","FAM","","","",0,"FloridaA&MRattlers"
"","TSA","","","",0,"UTSARoadrunners"
"","COP","","","",0,"CoppinStEagles"
"","NAV","NAV_MID","","",0,"NavyMidshipmen"
"Susquehanna","SQ3","","","",0,""
"ChestnutHill","CH2","","","",0,""
"WashingtonCol","WC3","","","",0,""
"","LAF","","","",0,"LafayetteLeopards"
"","UNA","NOR_AGG","","",0,"NCA&TAggies"
"","NEB","","","",0,"NebraskaCornhuskers,Huskers"
"Neb-Kearney","NK2","","","",0,""
"","UCF","","","",0,"UCFKnights"
"","SSU","","","",0,"SavannahStTigers"
"SCBeaufort","SB4","","","",0,""
"","PEN","","","",0,"PennQuakers"
"","JAC","","","",0,"JacksonvilleDolphins"
"","BRA","","","",0,"BradleyBraves"
"CornellCollege","CR3","","","",0,""
"RobertMorris-Peoria","RP4","","","",0,""
"Eureka","EU3","","","",0,""
"IllinoisCol","IL3","","","",0,""
"MtVernonNaz","MV4","","","",0,""
"UMassDartmouth","MD3","","","",0,""
"Ill-Springfield","IS2","","","",0,""
"Wash&Jeff","WJ3","","","",0,""
"","MAS","","","",0,"MassachusettsMinutemen"
"","NCG","","","",0,"UNCGSpartans"
"","NEV","","","",0,"NevadaWolfPack"
"SacramentoStna","SST","","","",0,""
"","BIN","","","",0,"BinghamtonBearcats"
"","FIU","","","",0,"FIUPanthers"
"PalmBeachAtl","PB2","","","",0,""
"FlaMemorial","FM4","","","",0,""
"","HOU","","","",0,"HoustonCougars"
"","COR","COR_BRE","","",0,"CornellBigRed"
"Rollins","RO2","","","",0,""
"Huntington","HU4","","","",0,""
"","SST","","","",0,"SacramentoStHornets"
"WilliamJessup","WJ4","","","",0,""
"Menlo","MN4","","","",0,""
"Simpson(CA)","SI4","","","",0,""
"","MIL","","","",0,"MilwaukeePanthers"
"Edgewood","EG3","","","",0,""
"MSOE","ME3","","","",0,""
"Wis-Parkside","WP2","","","",0,""
"Wis-Superior","WI3","","","",0,""
"WisLutheran","WL3","","","",0,""
"Carroll(WI)","CW3","","","",0,""
"CardinalStritch","CS4","","","",0,""
"","UGA","","","",0,"GeorgiaBulldogs"
"","CCU","","","",0,"CentralConnStBlueDevils"
"","SDK","","","",0,"SouthDakotaStJackrabbits"
"Waldorf","WD4","","","",0,""
"Minn-Crookston","MK2","","","",0,""
"DakotaWesleyan","DW4","","","",0,""
"MayvilleSt","MY4","","","",0,""
"DakotaSt","DK4","","","",0,""
"MidAmericaNaz","MZ4","","","",0,""
"Winnipeg(CAN)","WN4","","","",0,""
"MtMarty","MM4","","","",0,""
"SiouxFalls","SF2","","","",0,""
"","FAU","","","",0,"FlaAtlanticOwls"
"","MTN","","","",0,"MiddleTennBlueRaiders"
"","NYI","","","",0,"NYITBears"
"","ILL","ILL_ILL","","",0,"IllinoisFightingIllini"
"","TSU","TEX_BOB","","",0,"TexasStBobcats"
"","NCO","","","",0,"NorthernColoBears"
"Regis(CO)","RG2","","","",0,""
"MSUDenver","MD2","","","",0,""
"UC-ColoSprings","CL2","","","",0,""
"AdamsSt","AC2","","","",0,""
"","HAW","","","",0,"HawaiiRainbowWarriors"
"","UTV","UTA_WOL","","",0,"UtahValleyWolverines"
"","FRE","","","",0,"FresnoStBulldogs"
"","MSU","","","",0,"MichiganStSpartans"
"","PRC","PRE_BLH","","",0,"PresbyterianBlueHose"
"","DRT","","","",0,"DartmouthBigGreen"
"SouthernMe","SM3","","","",0,""
"Amherst","AH3","","","",0,""
"Vassar","VS3","","","",0,""
"SlipperyRock","SL2","","","",0,""
"Babson","BB3","","","",0,""
"","SAM","","","",0,"SamfordBulldogs"
"","TNT","","","",0,"TennesseeTechGoldenEagles"
"Berea","BK3","","","",0,""
"","TOL","","","",0,"ToledoRockets"
"","EIL","","","",0,"EasternIllPanthers"
"Millikin","MK3","","","",0,""
"Benedictine-Sprngfld","BS4","","","",0,""
"","UCR","","","",0,"UCRiversideHighlanders"
"","NEO","","","",0,"OmahaMavericks"
"SaintLeo","SO2","","","",0,""
"","IOW","","","",0,"IowaHawkeyes"
"Loras","LR3","","","",0,""
"GrandView","GV4","","","",0,""
"Northwestern(IA)","NW4","","","",0,""
"PointU","PT4","","","",0,""
"AIBCollege","AI4","","","",0,""
"UpperIowa","UI2","","","",0,""
"","MES","","","",0,"UMESHawks"
"","MAN","","","",0,"ManhattanJaspers"
"SantaClarana","SCU","","","",0,""
"","GRS","","","",0,"GramblingTigers"
"Wiley","WL4","","","",0,""
"JarvisChristian","JC4","","","",0,""
"TexasCol","TX4","","","",0,""
"ManhattanChrst","MC6","","","",0,""
"Selma","SM_","","","",0,""
"Centenary(LA)","CL3","","","",0,""
"","NIU","NIU_HUS","","",0,"NorthernIllHuskies"
"","ALR","","","",0,"LittleRockTrojans"
"","WST","WIC_SHO","","",0,"WichitaStShockers"
"KanWesleyan","KW4","","","",0,""
"SoutheasternOkla","SK2","","","",0,""
"StGregory's","SG4","","","",0,""
"NortheasternSt","NE2","","","",0,""
"","SDU","","","",0,"SanDiegoToreros"
"SanDiegoChristian","SD4","","","",0,""
"","HCU","","","",0,"HolyCrossCrusaders"
"Lesley","LS3","","","",0,""
"AnnaMaria","AM3","","","",0,""
"","HBU","","","",0,"HoustonBaptistHuskies"
"","SHE","","","",0,"SacredHeartPioneers"
"","PAC","","","",0,"PacificTigers"
"","UCI","","","",0,"UCIrvineAnteaters"
"","CSF","","","",0,"CalStFullertonTitans"
"","CAP","","","",0,"CalPolyMustangs"
"","NLV","","","",0,"UNLVRebels"
"","NWS","","","",0,"NorthwesternWildcats"
"Wheaton(IL)","WH3","","","",0,""
"StFrancis(IL)","SF4","","","",0,""
"StXavier","SX4","","","",0,""
"","NMS","","","",0,"NewMexicoStAggies"
"BenedictineMesa","BM4","","","",0,""
"SulRossSt","SR3","","","",0,""
"","OSU","","","",0,"OregonStBeavers"
"","ARL","","","",0,"UTArlingtonMavericks"
"TexasWesleyan","TW4","","","",0,""
"ArlingtonBaptist","AB5","","","",0,""
"Dallas","TD3","","","",0,""
"","DAB","DAL_PAT","","",0,"DBUPatriots"
"","SHS","","","",0,"SamHoustonStBearkats"
"","CAL","","","",0,"CaliforniaGoldenBears"
"","UFL","","","",0,"FloridaGators"
"","LMR","","","",0,"LamarUniversityCardinals"
"","BET","","","",0,"Bethune-CookmanWildcats"
"","ISU","","","",0,"IndianaStSycamores"
"","MSS","MSU_BDG","","",0,"MississippiStBulldogs"
"","STA","","","",0,"StanfordCardinal"
"","ORO","ORA_GOL","","",0,"OralRobertsGoldenEagles"
"","CRE","","","",0,"CreightonBluejays"
"","CSN","CAL_MAT","","",0,"CSUNMatadors"
"","PUR","","","",0,"PurdueBoilermakers"
"Anderson(IN)","AN3","","","",0,""
"","MHS","","","",0,"MoreheadStEagles"
"Campbellsville","CB4","","","",0,""
"Georgetown(KY)","GT4","","","",0,""
"","EMI","","","",0,"EasternMichEagles"
"WayneSt(MI)","WS2","","","",0,""
"SienaHeights","SH4","","","",0,""
"Concordia(MI)","CC4","","","",0,""
"","JST","","","",0,"JacksonStTigers"
"Concordia(AL)","CC_","","","",0,""
"Rust","RU3","","","",0,""
"Loyola(LA)","LL4","","","",0,""
"","AMY","","","",0,"ArmyWestPointBlackKnights"
"","SAU","SAL_JAG","","",0,"SouthAlaJaguars"
"","MVS","","","",0,"MississippiValDeltaDevils"
"DeltaSt","DT2","","","",0,""
"Belhaven","BH5","","","",0,""
"WestFlorida","WF2","","","",0,""
"BlueMountain(MS)","BL4","","","",0,""
"","AFU","AIR_FOR","","",0,"AirForceFalcons"
"","ORL","","","",0,"NewOrleansPrivateers"
"SouthernArk","AK2","","","",0,""
"WilliamCarey","WC4","","","",0,""
"Stillman","ST4","","","",0,""
"Mobile","MO4","","","",0,""
"SpringHill","SG2","","","",0,""
"ValdostaSt","VS2","","","",0,""
"WestGa","WE2","","","",0,""
"ChristianBros","CR2","","","",0,""
"WestAla","WA2","","","",0,""
"","MCN","","","",0,"McNeeseCowboys"
"","SLU","","","",0,"SaintLouisBillikens"
"McKendree","ME2","","","",0,""
"Rockhurst","RH2","","","",0,""
"Washington-StLouis","SL3","","","",0,""
"","ILW","","","",0,"WesternIllLeathernecks"
"StAmbrose","SA4","","","",0,""
"Blackburn","BU3","","","",0,""
"Culver-Stockton","CU4","","","",0,""
"","SJS","","","",0,"SanJoseStSpartans"
"CalStEastBay","CE2","","","",0,""
"","EVN","EVA_ACE","","",0,"EvansvillePurpleAces"
"SouthernInd","SI2","","","",0,""
"OaklandCity","OC5","","","",0,""
"","UIC","","","",0,"Ill-ChicagoFlames"
"Viterbo","VI4","","","",0,""
"Rockford","RF3","","","",0,""
"","MZS","MIS_BEA","","",0,"MissouriStBears"
"","SPU","","","",0,"SaintPeter''sPeacocks"
"","GON","","","",0,"GonzagaBulldogs;Zags"
"","MSM","","","",0,"MtStMary'sMountaineers"
"","MSM","","","",0,"MtStMary''sMountaineers"
"","UCD","","","",0,"UCDavisAggies"
"","SCU","","","",0,"SantaClaraBroncos"
"","SOU","SOU_JAG","","",0,"SouthernUJaguars"
"TexasSouthern,TX","TXS","","","",0,""
"","UTA","UTA_UTE","","",0,"UtahUtes"
"","BAM","","","",0,"AlabamaCrimsonTide"
"","TMA","","","",0,"UTMartinSkyhawks"
"BETHEL(IN)","BC4",NA,NA,NA,NA,NA
"Bethel(TN)","BT4","","","",0,""
"Union(TN)","UN2","","","",0,""
"","CAR","","","",0,"CentralArkBears"
"","TRY","TRO_TRJ","","",0,"TroyTrojans"
"","LAM","ULM_WAR","","",0,"La-MonroeWarhawks"
"","POR","","","",0,"PortlandPilots"
"Concordia(OR)","CC2","","","",0,""
"","SMI","","","",0,"SouthernMissGoldenEagles"
"","COL","","","",0,"ColumbiaLions"
"","WSH","WAS_HUS","","",0,"WashingtonHuskies"
"","LAT","","","",0,"LouisianaTechBulldogs"
"","HAR","","","",0,"HarvardCrimson"
"","MIN","","","",0,"MinnesotaGoldenGophers"
"Augsburg","AU3","","","",0,""
"SaintMary's(MN)","MA3","","","",0,""
"SaintJohn's(MN)","SJ3","","","",0,""
"Carleton","CT3","","","",0,""
"Concordia-M'head","CC3","","","",0,""
"Hamline","HM3","","","",0,""
"StThomas(MN)","ST3","","","",0,""
"","SEM","SOU_RED","","",0,"SoutheastMoStRedhawks"
"MissouriS&T","M&2","","","",0,""
"Hannibal-LaGrange","HL4","","","",0,""
"","ABC","","","",0,"AbileneChristianWildcats"
"TexPermianBasin","TP2","","","",0,""
"EastCentral","EC2","","","",0,""
"McMurry","MM3","","","",0,""
"CentralMo","CZ2","","","",0,""
"TexA&M-Kingsville","&K2","","","",0,""
"NMHighlands","NH2","","","",0,""
"TarletonSt","TS2","","","",0,""
"EasternNM","EN2","","","",0,""
"Cameron","CA2","","","",0,""
"WestTexA&M","WT2","","","",0,""
"AngeloSt","AG2","","","",0,""
"ArkansasTech","AR2","","","",0,""
"ColoChristian","CN2","","","",0,""
"","&CC","","","",0,"A&M-CorpusChrisIslanders"
"Houston-Victoria","HV4","","","",0,""
"Fisher","FS4","","","",0,""
"","APB","","","",0,"Ark-PineBluffGoldenLions"
"","ORE","","","",0,"OregonDucks"
"","UNM","","","",0,"NewMexicoLobos"
"","SEA","","","",0,"SeattleURedhawks"
"PugetSound","PS3","","","",0,""
"BritishColum(CAN)","BR4","","","",0,""
"","TXS","","","",0,"TexasSouthernTigers"
"Huston-Tillotson","HT4","","","",0,""
"","NDS","","","",0,"NorthDakotaStBison"
"MinotSt","MN2","","","",0,""
"ValleyCitySt","VC4","","","",0,""
"Mary","MR4","","","",0,""
"NorthernSt","NR2","","","",0,""
"AmericanInt'l","AI2",NA,NA,NA,NA,NA
"Brevard","BV3",NA,NA,NA,NA,NA
"UCSanDiego","DG2",NA,NA,NA,NA,NA
"Dominican(NY)","DM2",NA,NA,NA,NA,NA
"Marian(IN)","MI4","","","",0,""
"Wilmington(OH)","WM3","","","",0,""
"CalumetCol","CL4","","","",0,""
"WestVirginiaSt","WV2","","","",0,""
"LSU-Shreveport","LS4","","","",0,""
"Tampa","TM2","","","",0,""
"Quincy","QC2","","","",0,""
"Maryville(MO)","MV2","","","",0,""
"Mo-StLouis","MS2","","","",0,""
"Findlay","FL2","","","",0,""
"Defiance","DF3","","","",0,""
"OurLadyoftheLake","LK4","","","",0,""
"OklaPanhandle","OP4","","","",0,""
"EmporiaSt","EP2","","","",0,""
"FlaSouthern","FD2","","","",0,""
"TexA&MInt'l","&I2","","","",0,""
"StMary's(TX)","ST2","","","",0,""
"LubbockChristian","LC2","","","",0,""
"Texas-Brownsville","TB4","","","",0,""
"Ind-SouthBend","IS4","","","",0,""
"Cleary","CY4","","","",0,""
"StFrancis(IN)","FI4","","","",0,""
"Truman","TR2","","","",0,""
"SaintAugustine's","AU2","","","",0,""
"Immaculata","IM3","","","",0,""
"DeSales","DS3","","","",0,""
"Drew","DW3","","","",0,""
"Scranton","SC3","","","",0,""
"LockHaven","LH2","","","",0,""
"Lewis","LW2","","","",0,""
"DBU","DAB","DAL_PAT","","",0,""
"La-Lafayette","ULL","","","",0,""
"McNeeseSt","MCN","","","",0,""
"NA","NA","","","",0,""
"ULLafayette","ULL","","","",0,""
"NA","NA","","","",0,""
"NA","NA","","","",0,""
"NA","NA","","","",0,""
"A&M-CorpusChristi","&CC","","","",0,""
"DallasChristian","DC5","","","",0,""
"UTexasArlington","ARL",NA,NA,NA,NA,NA
"UTexasSanAntonio","TSA",NA,NA,NA,NA,NA
"LouisianaLafayette","ULL",NA,NA,NA,NA,NA
"StephenFAustinState","SFA",NA,NA,NA,NA,NA
"UTexasRioGrandeValley","TRG",NA,NA,NA,NA,NA
"ArkansasLittleRock","ALR",NA,NA,NA,NA,NA
"LouisianaState","LSU",NA,NA,NA,NA,NA
"SoutheasternLouisiana","SLA",NA,NA,NA,NA,NA
"U Texas","TEX",NA,NA,NA,NA,NA
NA,"CSF","CAL_FUL",NA,NA,NA,NA
"Gardner Webb","GWU",NA,NA,NA,NA,NA
NA,"RIU","RHO_RAM",NA,NA,NA,NA
"North Carolina A&T","UNA",NA,NA,NA,NA,NA
NA,"MOH","MIA_RED",NA,NA,NA,NA
NA,"KAN","KAN_JAY",NA,NA,NA,NA
NA,"UCS","UCSB_GAU",NA,NA,NA,NA
"UCSB","UCS",NA,NA,NA,NA,NA
"U Oklahoma","OKL",NA,NA,NA,NA,NA
NA,"CIS","CAN_GRI",NA,NA,NA,NA
"Virginia Commonwealth","VCU",NA,NA,NA,NA,NA
NA,"OSU","ORE_BEA",NA,NA,NA,NA
NA,"YOU","YSU_PEN",NA,NA,NA,NA
NA,"ISU","IND_SYC",NA,NA,NA,NA
NA,"ASU","ARI_SUN",NA,NA,NA,NA
NA,"TEN","TEN_VOL",NA,NA,NA,NA
NA,"NIU","NIU_HUS",NA,NA,NA,NA
NA,"ARL","ARL_MAV",NA,NA,NA,NA
"U Texas Arlington","ARL",NA,NA,NA,NA,NA
"Appalachain State","APP","APP_MOU",NA,NA,NA,NA
NA,"SST","SAC_HOR",NA,NA,NA,NA
NA,"MAN","MAN_JAS",NA,NA,NA,NA
NA,"NWS","NOR_CAT",NA,NA,NA,NA
NA,"UCI","CAL_ANT",NA,NA,NA,NA
NA,"SJS","SAN_SPA",NA,NA,NA,NA
"U Maryland Baltimore County","UMB",NA,NA,NA,NA,NA
NA,"POR","POR_PIL",NA,NA,NA,NA
NA,"COR","CORN",NA,NA,NA,NA
NA,"OAK","OAK_GOL",NA,NA,NA,NA
"Oakland U","OAK",NA,NA,NA,NA,NA
NA,"HOU","HOU_COU",NA,NA,NA,NA
NA,"RID","RID_BRO",NA,NA,NA,NA
NA,"DRT","DAR_GRE",NA,NA,NA,NA
NA,"APU","AUS_GOV",NA,NA,NA,NA
NA,"MRS","MAR_RED",NA,NA,NA,NA
"St Johns","STJ",NA,NA,NA,NA,NA
NA,"GEW","GEO_COL",NA,NA,NA,NA
NA,"UCD","CAL_AGO",NA,NA,NA,NA
NA,"TSA","UTS_ROA",NA,NA,NA,NA
"U Texas San Antonio","TSA",NA,NA,NA,NA,NA
NA,"BGS","BGS_FAL",NA,NA,NA,NA
NA,"ION","ION_GAE",NA,NA,NA,NA
NA,"HAF","HAR_HAW",NA,NA,NA,NA
"U Hartford","HAF",NA,NA,NA,NA,NA
NA,"PRI","PRI_TIG",NA,NA,NA,NA
NA,"EMI","EMU_EAG",NA,NA,NA,NA
NA,"EIL","EIU_PAN",NA,NA,NA,NA
NA,"SDU","SAN_TOR",NA,NA,NA,NA
NA,"ULL","LOU_CAJ",NA,NA,NA,NA
"Louisiana Lafayette","ULL",NA,NA,NA,NA,NA
NA,"USF","USF_BUL",NA,NA,NA,NA
"U South Florida","USF",NA,NA,NA,NA,NA
NA,"STA","STA_CAR",NA,NA,NA,NA
NA,"SHE","SAC_PIO",NA,NA,NA,NA
NA,"SEA","SEA_RED",NA,NA,NA,NA
NA,"HAW","HAW_WAR",NA,NA,NA,NA
NA,"MIN","MIN_GOL",NA,NA,NA,NA
NA,"EKU","EKU_COL",NA,NA,NA,NA
NA,"LAF","LAF_LEP",NA,NA,NA,NA
NA,"TTU","TEX_RAI",NA,NA,NA,NA
NA,"ORL","NEW_PRI",NA,NA,NA,NA
"U New Orleans","ORL",NA,NA,NA,NA,NA
NA,"NSW","NOR_DEM",NA,NA,NA,NA
NA,"SFA","STE_LUM",NA,NA,NA,NA
"Stephen F Austin State","SFA",NA,NA,NA,NA,NA
NA,"ILW","WIU_LEA",NA,NA,NA,NA
NA,"VAN","VAN_COM",NA,NA,NA,NA
NA,"GRS","GRA_TIG",NA,NA,NA,NA
"Southeast Missouri State","SEM",NA,NA,NA,NA,NA
NA,"HBU","HBU_HUS",NA,NA,NA,NA
NA,"LMR","LAM_CAR",NA,NA,NA,NA
NA,"TUL","TUL_GRE",NA,NA,NA,NA
NA,"TRG","UTR_VAQ",NA,NA,NA,NA
"U Texas Rio Grande Valley","TRG",NA,NA,NA,NA,NA
NA,"UCF","UCF_KNI",NA,NA,NA,NA
"U Central Florida","UCF",NA,NA,NA,NA,NA
"Citadel","CIT",NA,NA,NA,NA,NA
NA,"FRE","FRE_BUL",NA,NA,NA,NA
NA,"PAC","PAC_TIG",NA,NA,NA,NA
NA,"PSU","PEN_NIT",NA,NA,NA,NA
"U Miami","MIA",NA,NA,NA,NA,NA
NA,"FAU","FAU_OWL",NA,NA,NA,NA
NA,"NOS","NOR_SPA",NA,NA,NA,NA
NA,"ALR","LIT_TRO",NA,NA,NA,NA
"Arkansas Little Rock","ALR",NA,NA,NA,NA,NA
NA,"NFU","NOF_OSP",NA,NA,NA,NA
"U North Florida","NFU",NA,NA,NA,NA,NA
NA,"SHS","SAM_BEA",NA,NA,NA,NA
NA,"ALR","LR_TRO",NA,NA,NA,NA
"Arkansas Little Rock","ALR",NA,NA,NA,NA,NA
NA,"CIN","CIN_BEA",NA,NA,NA,NA
NA,"WSU","WAS_COU",NA,NA,NA,NA
NA,"LSU","LSU_TIG",NA,NA,NA,NA
"Louisiana State","LSU",NA,NA,NA,NA,NA
NA,"OLE","OLE_REB",NA,NA,NA,NA
NA,"SLA","SOU_LIO",NA,NA,NA,NA
"Southeastern Louisiana","SLA",NA,NA,NA,NA,NA
NA,"BIN","BIN_BEA",NA,NA,NA,NA
NA,"NKU","NOK_NOR",NA,NA,NA,NA
NA,"GON","GON_BUL",NA,NA,NA,NA
NA,"NEV","NEV_WOL",NA,NA,NA,NA
"Cal St Northridge","CSN",NA,NA,NA,NA,NA
NA,"WKU","WES_HIL",NA,NA,NA,NA
NA,"WMU","WMI_BRO",NA,NA,NA,NA
NA,"UFL","FLA_GAT",NA,NA,NA,NA
"U Florida","UFL",NA,NA,NA,NA,NA
"PurdueFortWayne","PFW","","","",0,""
"ConcordiaChicago","CG3","","","",0,""
"Coe","CE3","","","",0,""
"SpringArbor","SP4","","","",0,""
"","UCR","CAL_HIG","","",0,""
"","NLV","UNL_REB","","",0,""
"","MSM","MSM_MTN","","",0,""
"","LIU","LIU_BLA","","",0,""
"","MES","MAR_HAW","","",0,""
"","CHA","CHA_FOR","","",0,""
"","VAL","VAL_CRU","","",0,""
"","SMI","SOU_GOL","","",0,""
"","CT+","CON_TIG","","",0,""
"","LW+","LOW_SPI","","",0,""
"","CSB","CSU_BAK","","",0,""
"","CE3","COE_KOH","","",0,""
"","MIL","UWM_PAN","","",0,""
"","GV4","GVU_VIK","","",0,""
"","CL+","CHA_STO","","",0,""
"","DY+","DAY_TOR","","",0,""
"","CR3","COR_RAM","","",0,""
NA,"WCU","WCC",NA,NA,NA,NA
NA,"KEN","KSU",NA,NA,NA,NA
NA,"JAC","JUD",NA,NA,NA,NA
NA,"INW","IWC",NA,NA,NA,NA
"UniversityofNorthCarolina","UNC","","","",0,""
"OregonStateUniversity","OSU","","","",0,""
"","WL-","WAL_SEN","","",0,""
"MountStMary's","MSM","","","",0,""
"Ind-Kokomo","IK4","","","",0,""
"NA","NULL","","","",0,""
"NorthCarolinaA&TState","UNA","","","",0,""
"VirginiaCommonwealth","VCU","","","",0,""
"Limestone","LM2","","","",0,""
